customer_name,year,total_profit
Tamara Chand,2016,8402.54
Hunter Lopez,2017,5045.86
Adrian Barton,2016,4748.27
Sanjit Engle,2016,2506.11
Tom Boeckenhauer,2014,2268.52
Jane Waco,2017,1921.7
Fred Hopkins,2015,1689.74
Pete Kriz,2017,1601.6
Alan Dominguez,2017,1540.15
Pierre Wener,2015,1324.86
John Murray,2014,1228.18
Yana Sorensen,2017,1211.7
Dean perceR,2015,1133.45
Todd Sumrall,2015,1068.31
Gary Hwang,2014,1061.57
Justin Deggeller,2017,1053.18
Penelope Sewall,2017,1029.84
Quincy Jones,2015,1014.47
Grace Kelly,2016,1001.21
Ionia McGrath,2016,947.8
Alan Hwang,2017,945.78
Lena Creighton,2015,938.5
Carol Adams,2016,899.98
Amy Cox,2017,876.48
Harold Ryan,2017,862.08
Corinna Mitchell,2017,855.93
Sanjit Chand,2014,843.06
Bil Donatelli,2015,799.49
Yoseph Carroll,2014,792.27
null,2015,783.62
Neoma Murray,2016,769.96
Rick Hansen,2015,762.18
Robert Dilbeck,2017,757.41
Jim Kriz,2017,743
Bradley Drucker,2017,734.77
Juliana Krohn,2017,727.39
Bart Watters,2017,723.76
Christopher Martinez,2017,686.52
Joseph Holt,2014,644
Kelly Collister,2016,632.1
Hunter Glantz,2014,624.99
Shaun Weien,2015,618.44
Ellis Ballard,2015,610.86
Pauline Johnson,2017,603.21
Katherine Murray,2014,602.43
James Galang,2015,598.54
Heather Kirkland,2017,598.19
Corinna Mitchell,2016,593.02
Bobby Elias,2016,577.2
Brian Moss,2017,574.83
John Lucas,2015,564.65
Craig Carroll,2015,537.74
Jamie Kunitz,2015,535.46
Clay Ludtke,2017,529.6
Karen Carlisle,2016,523.09
Sarah Brown,2015,522.04
Tho -mas Boland,2017,517.48
Victoria Wilson,2017,508.17
Ben Ferrer,2014,499.75
Adrian Barton,2014,497
Roland Schwarz,2014,491.74
Anne McFarland,2014,481.47
Robert Marley,2015,469.73
Philip Fox,2016,468.97
Eugene Moren,2016,463.84
Toby Gnade,2016,463.34
Fred Chung,2017,461.21
Anna Hberlin,2016,458.34
Nora Pelletier,2015,449.44
Nicole Hansen,2017,444.35
Ed Jacobs,2017,440.76
Karen Ferguson,2017,435.45
Lena Radford,2014,434.99
Frank Hawley,2017,432.85
Jonathan Doherty,2016,424.39
Luke Weiss,2014,420.59
George Ashbrook,2015,419.82
Michael Moore,2016,419.62
Suzanne McNair,2017,418.02
Claudia Bergmann,2016,412.92
Yoseph Carroll,2016,412.07
Dave Brooks,2014,408.67
Suzanne McNair,2015,407.81
Paul Prost,2014,403.5
Max Jones,2017,400.08
Joe Elijah,2016,399.19
Rick Huthwaite,2016,397.83
Dave Kipp,2017,396.05
Becky Pak,2015,395.99
null,2016,395.26
Frank Merwin,2017,394.31
Laura Armstrong,2016,390.73
Dan Reichenbach,2015,387.47
Jim Karlsson,2015,382
Roland Schwarz,2017,379.74
Neil Ducich,2017,379.25
James Galang,2014,378.39
Denny Joy,2016,378.27
Ivan Liston,2017,378.17
Mark Hamilton,2016,375.67
Amy Cox,2016,375.24
Natalie Webber,2015,368.95
Giulietta Dortch,2017,364.23
Lisa DeCherney,2014,362.84
Edward Hooks,2016,356.89
John Stevenson,2015,356.04
Emily Phan,2015,353.6
Helen Waerman,2017,352.11
Sue Ann Reed,2014,351.32
Valerie Mitchum,2016,348.19
Max Ludwig,2017,346.91
Anthony Johnson,2016,346.78
Ken Lonsdale,2014,346.28
Anthony Rawles,2016,341.55
Matt Abelman,2014,336.71
Robert Waldorf,2017,331.72
Natalie DeCherney,2015,321.84
Erin Ashbrook,2015,321.74
Ruben Ausman,2014,321.48
Lindsay Williams,2016,320.32
Rob Williams,2017,319.53
Greg Tran,2015,316.88
Dean Katz,2017,314.11
Dave Poirier,2016,312.5
Anthony Johnson,2014,311.3
Carl Weiss,2017,309.8
Gary Zandusky,2016,309.36
Chris Selesnick,2014,308.44
Tim Brockman,2015,307.77
Matt Collister,2016,306.84
Nathan Mautz,2015,305.84
Valerie Dominguez,2014,305.13
Christine Kargatis,2014,304.42
Edward Hooks,2017,303.26
Rob Williams,2016,302.99
Adrian Barton,2017,298.92
Ivan Liston,2015,298.36
Ad am Hart,2016,297.29
Giulietta Baptist,2017,295.02
Mitch Webber,2014,294.95
Dave Brooks,2016,294.18
Rick Wi lson,2017,293.28
Gary Mitchum,2014,292.77
Irene Maddox,2015,287.69
Clay Ludtke,2015,286.71
Pauline Webber,2017,284.05
Alejandro Savely,2016,283.03
Christine Sundaresam,2017,277.56
Steve Nguyen,2016,277.44
Lindsay Castell,2015,271.48
Steven Cartwright,2017,269.33
Barry Franzsisch,2015,269.31
Tom Stivers,2014,267.68
Janet Martin,2017,267.63
Anne McFarland,2017,266.12
Justin Deggeller,2016,265.56
Toby Braunhardt,2016,263.17
Stephanie Ulpright,2017,260.93
Ken Brennan,2017,258.64
Speros Goranitis,2014,255.96
Daniel Byrd,2017,255.3
Craig Reiter,2017,253.37
John Murray,2015,251.53
Theresa Swint,2015,251.46
Nick Crebassa,2017,250.85
Jim Karlsson,2014,249.89
Gary Zandusky,2017,249.57
Nathan Mautz,2014,248.54
Arianne Irving,2014,247.88
null,2014,246.73
Frank Olsen,2014,245.02
Sanjit Jacobs,2016,241.33
John Stevenson,2016,241.01
Heather Kirkland,2014,240.86
Julie Kriz,2014,239.98
Michael Paige,2015,239.59
Nra Paige,2016,239.23
Rick Reed,2014,238.65
Craig Yedwab,2017,237.32
Susan Vittorini,2017,237.2
Christine Phan,2016,236.25
Heather Kirkland,2015,235.87
Eugene Hildebrand,2017,233.45
Ralph Arnett,2015,232.83
Jessica Myrick,2016,232.13
Michael Chen,2017,232.04
Christina Anderson,2017,231.18
Karen Bern,2017,230.5
Tracy Hopkins,2015,229.71
Liz Thompson,2014,229.3
Christy Brittain,2016,228.4
Emily Burns,2015,228.3
Liz Carlisle,2016,225.26
Lena Hernandez,2014,224.97
Thomas Seio,2017,223.99
Andy Reiter,2015,223.01
Justin MacKendrick,2014,222.96
Steve Chapman,2015,222.93
Ken Lonsdale,2017,221.99
Barry Gonzalez,2017,221.68
James Galang,2016,221.57
Frank Carlisle,2016,220.49
Scott Williamson,2016,220.48
John Lee,2017,219.04
Mike Pelletier,2015,218.62
Sandra Glassco,2017,218.25
Kristen Hastings,2017,217.49
Stewart Visinsky,2015,216.95
Darren Powers,2015,216.1
Mitch Willingham,2017,216
Adam Shillingsburg,2015,215.12
Theone Pippenger,2017,214.1
Marc Crier,2015,213.88
Steve Carroll,2015,213.7
Shirley Jackson,2016,213.3
Bradley Drucker,2014,212.94
Michael Nguyen,2017,212.91
Laura Armstrong,2014,212.49
Daniel Raglin,2017,211.97
Stefania Perrino,2017,211.72
Chad McGuire,2017,210.32
Philisse Overcash,2015,210.17
Brian Thompson,2015,209.8
Evan Henry,2016,209.28
Cindy Stewart,2016,208.08
Doug OConnell,2017,207.84
Ashley Jarboe,2015,207.56
Bi l Shonely,2014,206.8
Bil Stewart,2015,206.62
Maribeth Yedwab,2017,206.33
Deborah Brumfield,2016,204.44
Darren Budd,2016,204.35
Maria Etezadi,2014,204.11
Peter Bhler,2014,204.07
Jas OCarroll,2015,203.94
Rick Bensley,2014,201.4
Yana Sorensen,2015,200.51
Pamela Coakley,2014,196.69
null,2017,196.1
Ted Trevino,2015,195.57
Marina Lichtenstein,2016,192.19
Stefanie Holloman,2015,190.43
Sung Pak,2016,190.37
Justin MacKendrick,2015,188.74
Clay Ludtke,2014,188.37
Roland Fjeld,2015,187.1
Damala Kotsonis,2016,185.89
Anne Pryor,2016,183
Kat rina Edelman,2015,182.81
Steven Roelle,2016,181.53
Jim Kriz,2015,181.04
Jane Waco,2016,180.77
Theone Pippenger,2016,180.6
Laurel Elliston,2016,179.75
Bobby Elias,2017,178.71
Katherine Ducich,2015,178.1
Frank Atkinson,2017,177.2
Arthur Prichep,2016,176.45
Frank Atkinson,2015,175.42
Emily Phan,2014,175
Chuck Clark,2017,174.25
Dave Kipp,2015,173.71
Rick Bensley,2017,173.37
Benjamin Farhat,2016,173.24
Edward Becker,2015,173.04
Mitch Willingham,2014,173.03
Bil Eplett,2017,171.77
John Castell,2017,170.7
Filia McAdams,2014,169.42
Luke Weiss,2016,169.03
Brendan Sweed,2017,168.47
Lindsay Williams,2017,168.4
Corey Catlett,2014,168.19
Jennifer Braxton,2017,168.03
Tanja Norvell,2015,167.98
Ashley Jarboe,2017,167.94
Philisse Overcash,2017,166.23
Jeremy Ellison,2016,165.47
Craig Leslie,2017,164.91
Bil Donatelli,2017,164.45
Pauline Webber,2016,164.42
Toby Braunhardt,2014,164.24
Natalie Fritzler,2017,163.46
Lena Creighton,2014,163.07
Nat Carroll,2017,162.09
Raymond Messe,2016,162.04
Thomas Brumley,2014,161.97
Julie Prescott,2016,161.58
Corey-Lock,2014,160.76
Christina VanderZanden,2014,160.61
Linda Cazamias,2016,160.52
Nora Preis,2014,160.37
Paul MacIntyre,2016,158.53
Chuck Clark,2016,157.75
Bradley Talbott,2017,157.71
Clay Ludtke,2016,157.41
Craig Leslie,2016,156.65
Luke Schmidt,2014,156.63
Tony Molinari,2017,156.55
Irene Maddox,2016,156.5
Ben Wallace,2016,156.43
George Zrebassa,2017,156.19
Carol Triggs,2017,155.38
Kean Takahito,2016,155.33
Steve Chapman,2016,154.79
Erica Bern,2016,154.62
Julia Barnett,2016,153.94
Eudokia Martin,2015,153.86
Fred Harton,2015,153.57
Justin Ritter,2015,152.39
Evan Bailliet,2014,151.88
Robert Dilbeck,2016,151.77
Bruce Degenhardt,2017,150.91
Marina Lichtenstein,2014,150.75
Tonja Turnell,2015,150
Keith Dawkins,2015,149.42
Tom Ashbrook,2014,149.38
Noel Staavos,2015,149.29
Beth Tho-mpson,2014,148.7
Kalyca Meade,2015,148
Bil Tyler,2015,147.95
Thomas Thornton,2017,147.47
Jill Fjeld,2015,147.35
Rob Dowd,2015,147.04
Christine Abelman,2017,146.73
Dorris liebe,2016,146.39
Roy Phan,2016,145.22
Elizabeth Moffitt,2017,144.89
Kristina Nunn,2014,144.56
Bruce Degenhardt,2015,144.52
Ivan Gibson,2015,144.35
David Flashing,2016,144
Tamara Manning,2017,142.6
Carol Darley,2017,142.52
Amy Hunt,2017,141.87
Eva Jacobs,2017,140.02
Dennis Kane,2016,139.69
Brenda Bowman,2017,139.1
Paul Van Hugh,2016,139.04
Duane Noonan,2017,138.42
Adrian Hane,2017,138.36
Gary McGarr,2014,138.23
Cynthia Arntzen,2017,137.49
Tamara Willingham,2015,137.48
Robert Marley,2014,136.26
Frank Hawley,2014,136.12
Mark Cousins,2014,135
Dianna Wilson,2017,134.99
Nathan Gelder,2014,134.82
Giulietta Weimer,2015,134.33
Justin Ritter,2017,134.19
Ken Heidel,2015,134.1
Andrew Gjertsen,2015,131.88
Rob Lucas,2017,131.45
Carl Ludwig,2017,131.4
Claudia Bergmann,2017,130.72
Jeremy Pistek,2016,130.51
Chris McAfee,2016,130.36
Philisse Overcash,2016,130.05
Sally Knutson,2017,129.85
Helen Abelman,2016,129.77
Ross DeVincentis,2016,129.1
Karen Danels,2015,128.97
Alan Barnes,2017,128.72
Lauren Leatherbury,2015,128.64
Hunter Lopez,2016,128.54
Frank Preis,2014,128.42
Parhena Norris,2016,128.31
Dean Katz,2016,128.05
Chris Cortes,2017,127.83
Erin Smith,2016,127.31
Cathy Hwang,2016,126.9
Harry Marie,2015,125.93
Sample Company A,2016,125.69
Edward Hooks,2015,125.47
Shaun Weien,2016,125.2
Michelle Arnett,2016,125.04
Marc Harrigan,2017,124.39
Craig M olinari,2014,123.43
Lori Olson,2017,123.05
Kelly Lampkin,2017,122.92
Don Jones,2014,122.39
Logan Haushalter,2016,122.27
Marc Crier,2014,121.99
Rich-ard Eichhorn,2015,120.09
Keith Dawkins,2017,119.84
Toby Carlisle,2014,119.68
Evan Bailliet,2015,119.43
Bart Pistole,2017,118.88
Christina Anderson,2015,118.66
Anthony Jacobs,2017,118.19
Cynthia Voltz,2016,118.02
Dan Reichenbach,2016,117.81
Nona Balk,2014,117.61
Dean Braden,2017,117.4
Max Engle,2017,117.22
Rick Duston,2017,117.12
Steven Cartwright,2014,117.05
Allen Armold,2016,116.47
Matt Collins,2017,115.46
Joe Kamberova,2016,115.41
Rick Huthwaite,2015,115.11
Olvera Toch,2017,114.89
Candace McMahon,2017,114.53
Harold Ryan,2015,114.24
Bryan Mills,2014,114.1
Christine Sundaresam,2015,113.38
Matt Abelman,2015,113.18
Kunst Miller,2014,112.99
Tamara Manning,2014,112.58
Fred Chung,2014,112.57
Nicole Fjeld,2015,112.49
Kean Nguyen,2017,112.42
Xylona Preis,2014,112.34
Lisa DeCherney,2016,111.26
Joy Bell,2017,111.09
Nona Balk,2015,111.03
Dennis Kane,2014,109.61
Helen Waerman,2016,109.48
Helen Abelman,2014,108.8
Michelle Lonsdale,2017,108.77
Brian DeCherney,2014,108.74
James Lanier,2017,108.56
Julie Kriz,2016,108.52
Sonia Sunley,2016,108.5
Georgia Rosenberg,2014,108.5
Gary McGarr,2016,108.18
Jocasta Rupert,2017,107.98
Chuck Sachs,2017,107.12
Mike Vitt orini,2016,106.74
Julia Barnett,2015,106.54
Justin Hirsh,2015,106.41
Anna Hberlin,2015,106.37
Valerie Dominguez,2015,106.36
Roland Fjeld,2016,105.7
Jennifer Jackson,2015,105.53
Allen Rosenblatt,2015,105.47
Victo ria Brennan,2016,105.42
Craig Yedwab,2015,105.01
Lauren Leatherbury,2014,104.14
Brad Thomas,2015,103.23
Jennifer Braxton,2015,102.93
Cathy Prescott,2015,102.44
Max Jones,2016,102.25
Gary Zandusky,2015,102.2
Cthy Armstrong,2016,101.76
Michael Paige,2017,101.74
Vivek Gonzalez,2017,101.7
Harold Pawlan,2014,101.69
Helen Andreada,2015,101.37
Mark Van Huff,2016,100.88
Elizabeth Moffitt,2015,100.84
Steve Carroll,2016,100.62
Toby Ritter,2016,100.38
Fred McMath,2016,100.37
Scott Williamson,2017,100.28
Don Jones,2016,100.2
Tamara Willingham,2014,100.14
David Flashing,2015,99.94
B ecky Martin,2017,99.9
Daniel Lacy,2015,99.65
Jack OBriant,2014,99.39
Matt Connell,2017,98.9
Alejandro Ballentine,2017,98.69
Cindy Chapman,2016,98.54
Charles Sheldon,2014,98.11
Jim Epp,2017,97.85
Dionis Lloyd,2016,97.84
Pamela Stobb,2016,97.83
Bart Pistole,2014,97.36
Brian Stugart,2016,97.3
Speros Goranitis,2015,97.19
Stephanie Phelps,2016,96.93
Gary Mitchum,2017,96.86
Ryan Akin,2015,96.54
Nat Gilpin,2014,96.34
Katherine Nockton,2017,95.06
Todd Boyes,2017,95.04
Dana Kaydos,2015,94.95
George Ashbrook,2017,94.9
Kean Thornton,2014,94.08
Daniel Byrd,2016,94.04
Rick Reed,2017,93.7
Janet Lee,2016,93.7
Benjamin Farhat,2017,93.56
Sean ODonnell,2017,93.56
Laurel Beltran,2017,93.38
Laurel Workman,2014,93.25
Dorothy Wardle,2016,92.61
Ricardo Sperren,2017,92.59
Aaron Smayling,2016,92.14
Becky Castell,2015,92
Lynn Smith,2014,91.64
Janet Lee,2017,91.15
Cari Schnelling,2014,90.84
Sean Christensen,2017,90.75
Alex Avila,2017,90.73
Jamie Frazer,2017,90.53
Steven Cartwright,2016,90.13
Cari Sayre,2017,90.06
Sandra Flanagan,2017,90.04
Dianna Vittorini,2016,89.95
Maria Bertelson,2017,89.2
Henry Goldwyn,2016,88.51
Stewart Visinsky,2014,88.44
Duane Noonan,2014,88.35
Sheri Gordon,2014,88.35
Claudia Bergmann,2015,87.95
Nicole Fjeld,2017,87.86
Logan Haushalter,2015,87.74
Ben Pet -erman,2017,87.59
Ralph Arnett,2017,87.5
Paul Gonzalez,2017,87.47
Clytie Kelty,2017,87.31
Cathy Prescott,2017,87.28
Roland Fjeld,2017,87.25
Brosina Hoffman,2017,87.04
Grace Kelly,2015,86.65
Logan Currie,2016,86.58
Alice McCarthy,2015,86.39
Alan Schoenberger,2017,86.28
Ruben Ausman,2017,86.16
Joni Waerman,2017,85.81
Brian Thompson,2016,85.62
Victoria Pisteka,2014,85.32
Toby Carlisle,2017,84.57
Kelly Williams,2015,84.08
Emily Burns,2016,84.07
Amy Cox,2014,84
Mark Van Huff,2017,83.99
Trudy Brown,2014,83.99
Thea Hudgings,2016,83.97
Rick Duston,2014,83.84
Jay Kimmel,2016,83.5
Bil Stewart,2017,83.12
Ben Pet -erman,2015,83.02
Scot Wooten,2016,82.53
Ed Braxton,2016,82.42
Dennis Bolton,2016,81.97
Lena Creighton,2016,81.75
Charles Crestani,2015,81.36
Christina VanderZanden,2017,81.03
Justin Ellison,2016,81
Olvera Toch,2015,81
Nra Paige,2015,80.84
Trudy Schmidt,2015,80.67
Christopher Schild,2014,80.63
Maribeth chnelling,2015,80.57
Ruben Dartt,2017,80.48
Kunst Miller,2017,80.32
Brosina Hoffman,2016,79.89
Dennis Bolton,2014,79.89
Jim Mitchum,2016,79.82
Sean Braxton,2015,79.76
Arthur Prichep,2014,79.25
Greg Tran,2016,79.17
Patrick ODonnell,2017,79.14
Carlos Soltero,2014,78.47
Mark Packer,2015,78.45
Ji Stevenson,2016,78.4
Mark Packer,2014,78.37
Harry Marie,2016,78.34
Michael Chen,2016,78.32
Andy Reiter,2017,78.23
Noah Childs,2017,77.83
Dennis Pardue,2014,77.63
Neil Knudson,2017,77.39
Brosina Hoffman,2014,77.35
Arianne Irving,2017,77.28
Paul Stevenson,2014,76.98
David K lendrick,2014,76.64
Sandra Flanagan,2014,76.47
Stephanie Ulpright,2015,76.4
Scott Cohen,2015,76.31
Dan Reichenbach,2017,76.27
Ted Butterfield,2016,76.26
Annie Thurman,2017,75.98
Christine Phan,2014,75.97
Randy Ferguson,2014,75.85
Christopher Schild,2015,75.7
Liz Willingham,2016,75.68
Roy Franzsisch,2016,75.63
Ryan Crowe,2016,75.5
Tracy Zic,2014,75.49
Rick Wi lson,2015,75.43
Bruce Stewart,2017,75.25
Denny Ordway,2017,75.25
Meg Tillman,2017,74.97
Joel Eaton,2016,74.87
Cynthia Voltz,2017,74.85
Bil Tyler,2014,74.81
Kelly Andreada,2015,74.57
Christy Brittain,2017,74.23
Odella Nelson,2014,73.72
Maureen Fritzler,2016,73.71
Patrick Gardner,2016,73.62
Neil Franzsisch,2015,72.89
John Grady,2017,72.81
Monica Federle,2015,72.71
Joni Blumstein,2014,72.58
Justin MacKendrick,2017,72.52
Phillip Flathmann,2016,72.39
Adam Bellavance,2016,72.11
Clytie Kelty,2016,72.04
Erica Smith,2016,71.99
Alan Hwang,2014,71.99
Ann Steele,2014,71.95
Philip Brown,2017,71.93
Ken Lonsdale,2016,71.72
Dennis Bolton,2017,71.54
Kat rina Edelman,2014,71.48
Brendan Murry,2016,71.17
Brenda Bowman,2016,71.02
Bradley Drucker,2015,70.98
Trudy Brown,2016,70.93
Maria Etezadi,2016,70.73
Pete Armstrong,2015,70.63
John Castell,2016,70.55
Eileen Kiefer,2014,70.49
Sonia Cooley,2017,70.27
Sylvia Foulston,2016,70.2
Stefanie Holloman,2014,70.2
Rick Duston,2016,69.39
Nora Preis,2017,69.13
Jill Fjeld,2014,67.98
Erica Hackney,2016,67.9
Fred Hopkins,2017,67.82
Luke Foster,2015,67.61
Paul Prost,2015,67.56
Kelly Andreada,2016,67.44
Stuart Van,2015,67.39
Maya Herman,2014,67.39
Rose OBrian,2015,67.37
Annie Zypern,2014,67.09
Paul Gonzalez,2015,67.05
Maria Bertelson,2015,66.98
Maria Zettner,2015,66.95
Bradley Talbott,2014,66.77
Parhena Norris,2017,66.72
Cyma Kinney,2014,66.59
Charlotte Melton,2017,66.53
Ruben Dartt,2014,66.44
Dan Lawera,2016,66.37
Rob Dowd,2017,66.27
Sibella Parks,2017,65.96
Eric Barreto,2016,65.48
Stephanie Phelps,2014,65.38
Gary McGarr,2017,65.29
Jay Fein,2017,65.24
Mike Pelletier,2017,65.22
Denny Joy,2015,64.99
Bil Overfelt,2017,64.98
Shahi Hopkins,2017,64.78
Sara Luxemburg,2015,64.77
Barry Pond,2016,64.61
Tom Prescott,2015,64.52
Lena Radford,2016,64.51
Fred McMath,2015,64.42
Shirley Schmidt,2015,64.37
Joe Elijah,2017,64.31
Tiffany House,2016,64.25
Bart Watters,2015,64
Sara Luxemburg,2017,63.91
Erica Hernandez,2017,63.83
Dianna Vittorini,2017,63.76
Maribeth chnelling,2014,63.36
Carlos Soltero,2017,62.95
Julie Creighton,2015,62.81
Andrew Allen,2016,62.79
Matt Collins,2015,62.77
Julia Dunbar,2017,62.7
Tamara Manning,2015,62.39
Cathy Prescott,2014,62.39
Michael Grace,2016,62.24
Aaron Bergman,2016,62.15
Sylvia Foulston,2015,62.06
Xylona Preis,2016,61.94
Anthony Garverick,2015,61.71
Frank Gasti neau,2017,61.64
Gene McClure,2017,61.6
Corinna Mitchell,2015,61.56
Tim Taslimi,2015,61.39
Aaron Hawkins,2015,61.39
Shirley Jackson,2014,60.93
Annie Thurman,2014,60.89
Thomas Thornton,2016,60.39
Chuck Clark,2015,60.39
Lynn Smith,2016,60.37
Kristen Hastings,2014,60.26
Thomas Thornton,2015,60.23
Sanjit Chand,2016,60.17
Karl Braun,2017,60
Lena Hernandez,2017,59.73
Doug Bickford,2017,59.73
James Lanier,2014,59.49
Ted Trevino,2017,59.35
Michael Stewart,2015,59.35
Shui Tom,2014,59.12
Jesus Ocampo,2015,58.62
Dario Medina,2014,58.4
Sarah Foster,2014,58.03
Ken Heidel,2017,57.93
Brooke Gillingham,2016,57.92
Ken Lonsdale,2015,57.85
Brad Eason,2016,57.72
Ge orge Bell,2015,57.68
Erin Mull,2014,57.59
David Smith,2014,57.59
Sharelle Roach,2014,57.49
Cathy Hwang,2015,57.39
Bobby Odegard,2017,57.38
Michael Chen,2014,57.28
Edward Becker,2016,57.27
Jeremy Ellison,2015,57.22
Natalie DeCherney,2016,56.59
Roy Phan,2014,56.53
Harold Engle,2017,56.35
Patrick OBrill,2014,56.31
Ad am Hart,2017,56.19
Heather Jas,2016,55.99
Ben Ferrer,2015,55.98
Hunter Glantz,2015,55.9
Ed Braxton,2015,55.79
Tracy Zic,2016,55.74
Chris Selesnick,2015,55.74
Ben Ferrer,2016,55.68
Shirley Daniels,2014,55.52
Bryan Mills,2016,55.34
Harold Engle,2016,55.16
Resi Plking,2016,55.01
Emily Grady,2015,55
Ivan Gibson,2016,54.86
Katherine Hughes,2016,54.83
Jill Matthias,2016,54.64
Janet Molinari,2015,54.22
Sue Ann Reed,2017,54.2
Barry Gonzalez,2014,54.19
Erica Hackney,2014,54.09
Jill Fjeld,2016,54.07
Kean Thornton,2016,54
Mark Cousins,2016,53.99
Shahi Hopkins,2014,53.96
Paul Van Hugh,2017,53.81
Liz MacKendrick,2014,53.75
Craig Carreira,2016,53.66
George Ashbrook,2016,53.56
Jessica Myrick,2014,53.55
Quincy Jones,2014,53.53
Chris Cortes,2016,53.43
Brendan Dodson,2017,53.26
Roy Phan,2015,53.19
Gary Hwang,2015,52.96
Toby Swindell,2015,52.69
Steve Chapman,2014,52.53
Pamela Coakley,2016,52.48
Shahi Shariari,2017,52.24
Delfina Latchford,2017,51.99
Michelle Ellison,2014,51.91
Maribeth Dona,2015,51.66
Alan Shonely,2014,51.56
Aaron Hawkins,2014,51.53
Magdelene Morse,2014,51.36
Maris LaWare,2017,51.32
Roger Demir,2017,51.11
Grant Thornton,2014,50.47
Gary Zandusky,2014,50.43
Nick Radford,2017,50.4
Henry MacAllister,2015,50.4
Eric Murdock,2017,50.37
Charles Crestani,2014,50.33
Valerie Mitchum,2014,50.24
Valerie Dominguez,2016,50.19
Herbert Flentye,2016,50.18
Erin Smith,2017,50.02
Bradley Nguyen,2014,50
Trudy Schmidt,2016,49.97
Anna Andreadi,2015,49.97
Thea Hendricks,2014,49.84
Thomas Seio,2014,49.48
Frank Preis,2017,49.32
Sam Zeldin,2016,49.32
Kelly Collister,2015,49.27
Eric Murdock,2015,49.21
Maxwell Schwartz,2016,49.15
Ken Black,2014,49.1
Kelly Andreada,2014,49.01
Ross Baird,2017,48.97
Ryan Crowe,2014,48.7
Ross DeVincentis,2017,48.6
Sarah Foster,2017,48.55
Katherine Ducich,2014,48.53
Shirley Daniels,2015,48.31
Craig Yedwab,2016,48.22
Rick Hansen,2017,48.21
Hallie Redmond,2015,48.12
Lindsay Shagiari,2014,48.11
Debra Catini,2014,47.92
Jamie Kunitz,2014,47.81
Christine Sundaresam,2014,47.34
Nick Crebassa,2014,47.26
Bil Eplett,2016,47.24
Stewart Carmichael,2015,47.24
Joel Eaton,2017,47.22
Maya Herman,2015,47.21
Rob Haberlin,2015,47.04
Lena Hernandez,2015,46.9
Anthony Rawles,2017,46.64
Noel Staavos,2017,46.64
Seth Vernon,2016,46.5
Maribeth chnelling,2016,46.38
Patrick ODonnell,2014,46.28
Ann Chong,2017,46.21
Anna Hberlin,2014,46.2
Edward Nazzal,2016,46.14
Max Ludwig,2016,46.12
David Wiener,2016,46
Erin Creighton,2017,45.91
Pete Armstrong,2014,45.84
Darren Budd,2017,45.81
Ted Butterfield,2017,45.81
Chad Sievert,2015,45.72
Rick Reed,2016,45.68
Art Ferguson,2016,45.61
Chloris Kastensmidt,2017,45.53
Brian DeCherney,2016,45.51
Ruben Dartt,2016,45.41
Adam Bellavance,2017,45.3
MaryBeth Skach,2015,45.29
Luke Weiss,2017,45.08
Edward Nazzal,2015,45
Liz Pelletier,2017,44.99
Giulietta Baptist,2016,44.3
Ge orge Bell,2017,44.29
Marc Harrigan,2016,44.11
Erica Smith,2015,44.05
Cindy Stewart,2017,43.71
Denny Blanton,2017,43.69
Annie Thurman,2016,43.67
Gary Hwang,2017,43.6
Frank Preis,2016,43.6
Sam Craven,2015,43.32
Bruce Geld,2016,43.3
Michael Kennedy,2014,43.22
Suzanne McNair,2016,43
Suzanne McNair,2014,42.88
Kelly Andreada,2017,42.8
Patricia Hirasaki,2017,42.75
William Brown,2016,42.5
Arthur Wiediger,2015,42.49
Alan Hwang,2015,42.37
Dean perceR,2014,42.27
Joel Eaton,2014,42.1
Alejandro Grove,2016,41.99
Jay Kimmel,2014,41.99
Michael Moore,2014,41.94
Claire Gute,2016,41.91
Matthew Clasen,2014,41.89
Chad Cunningham,2015,41.82
Bruce Geld,2017,41.76
Brendan Sweed,2014,41.33
Allen Goldenen,2014,41.27
Henry MacAllister,2017,41.08
Damala Kotsonis,2017,40.88
Mathew Reese,2017,40.87
Nicole Hansen,2015,40.84
Zuschuss Carroll,2016,40.81
Bradley Nguyen,2017,40.78
Stephanie Ulpright,2016,40.64
Jonathan Howell,2016,40.49
Greg Guthrie,2016,40.43
Lynn Smith,2017,40.42
Kristen Hastings,2015,40.11
Liz Preis,2017,40.08
Aimee Bixby,2017,40.04
William Brown,2017,40.01
Karen Carlisle,2015,39.76
Toby Swindell,2014,39.7
Nicole Fjeld,2014,39.65
Dana Kaydos,2017,39.57
Meg Tillman,2016,39.49
Shaun Chance,2015,39.43
Arthur Gainer,2016,39.34
Patrick Gardner,2017,39.11
Brian Moss,2014,39.09
Russell DAscenzo,2015,39
Gary Hansen,2015,38.97
Ben Pet -erman,2016,38.95
Barry Blumstein,2015,38.78
Fred McMath,2017,38.7
Pete Kriz,2016,38.69
Tamara Chand,2014,38.67
Filia McAdams,2016,38.64
Nick Radford,2016,38.49
John Lee,2015,38.44
Peter McVee,2017,38.4
Cassandra Brandow,2016,38.38
Philip Brown,2016,38.38
Alex Grayson,2016,38.32
Bryan Davis,2016,38.2
Becky Castell,2014,38.13
Vivian Mathis,2016,38.11
Aaron Hawkins,2016,38.04
Jim Karlsson,2017,38
Beth Fritzler,2017,38
Trudy Glocke,2017,37.88
Duane Benoit,2017,37.88
Tracy Blumstein,2015,37.82
Gary Hansen,2014,37.79
Yoseph Carroll,2017,37.53
Kean Nguyen,2014,37.5
Cindy Chapman,2017,37.41
Susan Pistek,2016,37.1
Ben Wallace,2014,37.05
Steven Roelle,2014,36.74
Lycoris Saunders,2015,36.52
Michael Paige,2016,36.51
Becky Castell,2017,36.5
John Dryer,2016,36.47
Brendan Dodson,2015,36.47
Don Weiss,2017,36.38
Nathan Cano,2015,36.23
Jeremy Farry,2017,36.17
Joy Smith,2016,36.08
Anna Gayman,2016,36.07
Doug Jacobs,2015,36
Deirdre Greer,2017,35.98
Edward Hooks,2014,35.96
Phillip Flathmann,2017,35.95
Joe Kamberova,2015,35.95
Anth ony Witt,2017,35.92
Pete Armstrong,2017,35.89
Toby Gnade,2017,35.86
Eva Jacobs,2016,35.86
Joe Elijah,2015,35.79
Jonathan Howell,2015,35.67
Noah Childs,2014,35.66
Frank Carlisle,2015,35.53
Anna Gayman,2017,35.43
Dario Medina,2015,35.42
Harold Pawlan,2017,35.11
Julie Creighton,2014,35.06
Sanjit Engle,2015,34.91
Jeremy Lonsdale,2014,34.91
Tracy P oddar,2015,34.74
B ecky Martin,2016,34.65
Sarah Bern,2017,34.43
Eric Hoffmann,2017,34.4
Kean Thornton,2017,34.32
Russell Applegate,2016,34.29
Sean Miller,2017,34.28
Sung Pak,2015,34.17
Becky Pak,2016,34.16
Ken Black,2017,34.1
Penelope Sewall,2015,34.06
Robert Marley,2017,33.93
Paul Stevenson,2015,33.93
Hunter Glantz,2017,33.71
Luke Foster,2017,33.68
Nora Pelletier,2014,33.64
Eugene Moren,2015,33.25
Ashley Jarboe,2016,33.22
Valerie Takahito,2014,33
Mark Hamilton,2017,32.94
Patrick Bzostek,2016,32.94
David Wiener,2014,32.9
Jack OBriant,2016,32.88
Dennis Pardue,2016,32.77
Jack Garza,2014,32.71
Seth Vernon,2017,32.56
Tim Taslimi,2016,32.53
Arianne Irving,2016,32.5
Rick Reed,2015,32.5
Melanie Seite,2015,32.45
Ken Black,2015,32.41
Jennifer Patt,2015,32.4
Tony Chapman,2016,32.39
Sonia Cooley,2014,32.39
Aaron Smayling,2014,32.23
Kat rina Willman,2016,32.16
Maria Etezadi,2017,32.05
Herbert Flentye,2014,32.01
Christine Kargatis,2016,31.98
Michelle Arnett,2017,31.94
Neil Franzsisch,2014,31.87
Skye Norling,2015,31.73
Katharine Harms,2016,31.72
Guy Armstrong,2017,31.68
Liz Thompson,2015,31.31
Delfina Latchford,2016,31.28
Resi Plking,2017,31.26
Cyma Kinney,2016,31.25
Adam Shillingsburg,2017,31.18
Scot Coram,2016,31.11
Arthur Gainer,2015,31.08
Duane Benoit,2014,31.01
Joe Kamberova,2017,30.95
Kat rina Bavinger,2015,30.95
Paul Stevenson,2017,30.94
Bart Watters,2016,30.94
Roy Collins,2016,30.67
Lisa Ryan,2017,30.66
Ken Heidel,2016,30.61
Bryan Davis,2017,30.58
Mary ORourke,2016,30.57
Liz Thompson,2016,30.54
Corey Roper,2014,30.53
Benjamin Venier,2015,30.49
Corey Roper,2016,30.45
Russell Applegate,2014,30.43
Janet Molinari,2014,30.43
Pauline Johnson,2016,30.4
Zuschuss Donatelli,2016,30.39
Peter McVee,2016,30.35
Karl Braun,2015,30.27
Jennifer Ferguson,2015,30.25
Nancy Lomonaco,2015,30
Bart Folk,2017,29.95
Katherine Nockton,2014,29.95
Keith Dawkins,2016,29.81
Muhammed MacIntyre,2017,29.8
Gene McClure,2015,29.7
Max Engle,2015,29.34
Katherine Murray,2015,29.31
Philip Brown,2014,29.3
Penelope Sewall,2014,29.29
Mark Cousins,2015,29.25
Dorris liebe,2014,29.17
Brian Stugart,2015,29.15
Heather Kirkland,2016,29.14
Angele Hood,2017,28.92
Duane Huffman,2015,28.89
Tamara Chand,2015,28.86
Patrick Jones,2017,28.84
Russell Applegate,2017,28.84
Alejandro Ballentine,2015,28.79
Jason Gross,2016,28.66
Sanjit Chand,2015,28.65
Denny Joy,2014,28.6
Toby Ritter,2014,28.52
Steve Carroll,2014,28.5
Greg Tran,2017,28.38
Dave Hallsten,2015,28.28
Jay Kimmel,2017,28.24
Patrick Ryan,2015,28.17
Jennifer Ferguson,2014,28.14
Sam Zeldin,2017,28.1
Matt Abelman,2017,28.09
Guy Thornton,2015,28.09
Bobby Trafton,2014,28.08
Chris Selesnick,2017,28
Andrew Roberts,2015,27.99
Andy Yotov,2014,27.73
Brian Derr,2017,27.69
Kimberly Carter,2017,27.64
Benjamin Patterson,2014,27.56
Michelle Moray,2014,27.56
Sarah Jordon,2017,27.39
Ted Trevino,2014,27.38
Ellis Ballard,2017,27.37
Victor Preis,2017,27.25
Steve Chapman,2017,27.22
Alan Barnes,2015,27.18
Harry Greene,2017,27.12
Shui Tom,2015,27.01
Jeremy Pistek,2014,27.01
Matt Connell,2015,27
Elpida Rittenbach,2016,26.96
Mitch Webber,2015,26.94
Allen Armold,2017,26.85
Doug OConnell,2015,26.82
Frank Olsen,2015,26.7
Philip Brown,2015,26.67
Tracy Hopkins,2014,26.63
Roger Demir,2016,26.62
Annie Zypern,2015,26.57
John Huston,2014,26.41
Beth Tho-mpson,2017,26.4
Julie Kriz,2015,26.36
Jason Klamczynski,2017,26.35
Tony Chapman,2015,26.27
Stephanie Phelps,2015,26.27
Becky Pak,2017,26.24
Frank Gasti neau,2014,26.22
Magdelene Morse,2016,26.11
Michael Granlund,2016,25.93
Roger Demir,2014,25.82
Saphhira Shifley,2015,25.79
Jack OBriant,2017,25.75
Ross Baird,2016,25.73
Craig Carreira,2017,25.7
Speros Goranitis,2017,25.46
Rick Duston,2015,25.41
Liz Preis,2016,25.26
Anna Andreadi,2016,25.25
Candace McMahon,2014,25.23
Bil Donatelli,2016,25.19
Chloris Kastensmidt,2014,25.19
Lena Radford,2015,25.18
Guy Phonely,2015,25.18
Nora Pelletier,2016,25
Kristina Nunn,2016,25
Mike Caudle,2014,24.98
Christina VanderZanden,2016,24.94
Robert Barroso,2014,24.92
Maxwell Schwartz,2015,24.88
Bruce Stewart,2016,24.84
Nicole Brennan,2014,24.79
Richard Bierner,2017,24.75
Mike Gockenbach,2017,24.69
Nathan Gelder,2015,24.65
Hallie Redmond,2017,24.64
John Murray,2017,24.63
Ken Black,2016,24.52
Kelly Collister,2017,24.48
Russell DAscenzo,2017,24.47
John Grady,2014,24.35
Rob Dowd,2016,24.23
Susan Pistek,2014,24.22
Dave Poirier,2017,24.2
Ralph Kennedy,2015,24.2
Denise Monton,2017,24.17
Sanjit Jacobs,2017,24.09
Michelle Arnett,2014,24.05
Alex Russell,2017,23.95
Dianna Wilson,2014,23.94
Michelle Huthwaite,2017,23.89
Dan Campbell,2017,23.84
James Lanier,2015,23.59
Andy Gerbode,2015,23.51
Michael Granlund,2017,23.44
Art Foster,2015,23.44
Troy Blackwell,2016,23.41
Saphhira Shifley,2017,23.34
Brian DeCherney,2017,23.32
Alejandro Savely,2017,23.26
Stefania Perrino,2014,23.24
Larry Tron,2017,23.23
Luke Schmidt,2017,23.21
Erin Creighton,2016,23.09
Rob Lucas,2014,23.09
Barry Franzsisch,2016,23.05
Jessica Myrick,2015,23.05
Tiffany House,2017,23.01
Frank Merwin,2014,22.98
Carlos Daly,2016,22.95
Tracy Collins,2016,22.82
Denny Blanton,2015,22.8
Jonathan Doherty,2014,22.69
Daniel Raglin,2014,22.68
Roland Fjeld,2014,22.65
Rose OBrian,2017,22.62
Pete Armstrong,2016,22.56
Kat rina Edelman,2016,22.52
Tracy Collins,2017,22.41
George Ashbrook,2014,22.41
Sandra Glassco,2015,22.38
Jim Epp,2016,22.24
Paul Lucas,2014,22.2
Dianna Vittorini,2015,22.13
Deirdre Greer,2014,22.07
Lindsay Shagiari,2017,22.05
Tanja Norvell,2017,22
Joseph Holt,2016,21.97
Lena Hernandez,2016,21.88
Catherine Glotzbach,2017,21.87
Erin Ashbrook,2017,21.83
Sara Luxemburg,2014,21.79
Hunter Lopez,2014,21.75
Liz Willingham,2014,21.75
Greg Matthias,2014,21.73
Alyssa Crouse,2016,21.59
Liz MacKendrick,2016,21.54
Joel Jenkins,2015,21.52
Jason Fortune,2017,21.48
Benjamin Farhat,2014,21.48
Berenike Kampe,2017,21.45
William Brown,2014,21.41
Mike Caudle,2016,21.33
Chad Sievert,2014,21.26
Jeremy Lonsdale,2017,21.25
Jas OCarroll,2016,21.23
Phillip Breyer,2014,21.2
Alex Avila,2014,21.09
Paul MacIntyre,2014,21.06
Maris LaWare,2014,21.02
Chris Cortes,2015,21.01
Lori Olson,2015,20.99
Dionis Lloyd,2015,20.93
Clay Rozendal,2017,20.91
Marc Crier,2016,20.91
Frank Carlisle,2017,20.87
Sung Chung,2017,20.75
Darren Budd,2015,20.72
Monica Federle,2017,20.68
Dorothy Dickinson,2017,20.67
Alan Shonely,2016,20.67
Brian Dahlen,2015,20.63
Benjamin Patterson,2017,20.58
Don Jones,2017,20.58
Eileen Kiefer,2015,20.54
Aleksandra Gannaway,2016,20.48
Katherine Ducich,2017,20.36
Larry Tron,2015,20.16
Duane Noonan,2016,20.14
Andy Reiter,2014,20.12
Eugene Hildebrand,2014,20.1
Brian Dahlen,2016,20.09
Muhammed MacIntyre,2015,20.07
Raymond Messe,2015,19.97
Karen Bern,2015,19.85
Quincy Jones,2016,19.8
Shaun Weien,2017,19.79
Bart Pistole,2015,19.77
Tim Brockman,2014,19.75
John Huston,2015,19.6
Cathy Prescott,2016,19.56
Chuck Magee,2016,19.54
Vivek Gonzalez,2014,19.54
Tim Brockman,2016,19.48
Kimberly Carter,2016,19.43
Logan Currie,2015,19.4
Robert Barroso,2016,19.33
Patrick Jones,2015,19.24
Ionia McGrath,2014,19.24
Rob Williams,2014,19.2
Corey-Lock,2016,19.19
Katharine Harms,2014,19.08
Sean Christensen,2016,19
Theresa Coyne,2017,18.96
Andrew Roberts,2016,18.89
Robert Barroso,2015,18.88
Vicky Freymann,2017,18.87
Odella Nelson,2015,18.81
Jennifer Jackson,2016,18.71
Alejandro Ballentine,2016,18.69
Nancy Lomonaco,2016,18.66
Neil Ducich,2015,18.66
Tracy Collins,2015,18.65
Bryan Spruell,2015,18.61
Jessica Myrick,2017,18.56
Victoria Wilson,2015,18.53
Trudy Glocke,2015,18.53
Doug Jacobs,2016,18.52
Shahi Collister,2015,18.49
Vivek Gonzalez,2016,18.48
Ed Ludwig,2017,18.45
Bruce Stewart,2015,18.45
Muhammed YeDwab,2017,18.39
Trudy Brown,2017,18.37
Charles Sheldon,2016,18.35
Pamela Stobb,2017,18.31
Corey Catlett,2015,18.31
Kalyca Meade,2017,18.29
Anne Pryor,2017,18.25
Rob Beeghly,2017,18.19
Nick Zandusky,2017,18.04
Allen Armold,2015,18.04
Benjamin Venier,2016,18.03
Bruce Degenhardt,2016,18
Frank Preis,2015,18
Jamie Frazer,2015,17.99
Alejandro Grove,2014,17.99
Astrea Jones,2014,17.94
Heather Jas,2015,17.82
Tamara Willingham,2016,17.77
Carlos Daly,2015,17.75
Katherine Murray,2017,17.74
Kristina Nunn,2017,17.72
Larry Hughes,2017,17.67
Katherine Hughes,2017,17.67
Marina Lichtenstein,2017,17.64
David K lendrick,2017,17.62
Julie Prescott,2017,17.61
Jennifer Patt,2016,17.58
Helen Abelman,2015,17.58
Gene McClure,2016,17.57
Doug Jacobs,2017,17.47
Pauline Webber,2014,17.47
Mary Zewe,2017,17.38
Denise Leinenbach,2017,17.38
Mary Zewe,2014,17.32
Dennis Pardue,2017,17.25
Jason Fortune,2016,17.23
Lauren Leatherbury,2017,17.22
Joy Daniels,2017,17.16
Anemone Ratner,2016,17.11
Tom Stivers,2016,17.05
Arianne Irving,2015,17.03
Kalyca Meade,2016,17
Ken Brennan,2015,17
Jason Klamczynski,2014,17
Greg Guthrie,2017,16.98
Alejandro Grove,2015,16.96
Eudokia Martin,2017,16.93
Maurice Satty,2014,16.92
Amy Cox,2015,16.91
Craig Reiter,2016,16.9
Sean Braxton,2016,16.89
Charlotte Melton,2015,16.89
Monica Federle,2014,16.89
Julia West,2016,16.88
Nick Crebassa,2016,16.79
Aimee Bixby,2014,16.75
Christopher Conant,2017,16.73
Allen Armold,2014,16.72
Maureen Gnade,2016,16.7
Rob Lucas,2015,16.7
Tiffany House,2014,16.62
Zuschuss Donatelli,2017,16.59
Brad Eason,2015,16.56
Mike Kennedy,2017,16.54
Lisa Hazard,2016,16.46
Becky Castell,2016,16.4
Dave Poirier,2015,16.29
Olvera Toch,2016,16.26
Joseph Holt,2017,16.21
Jim Mitchum,2017,16.18
Benjamin Venier,2017,16.18
Mark Hamilton,2015,16.18
Roy Franzsisch,2014,16.17
Deborah Brumfield,2014,16.09
Valerie Mitchum,2017,16.05
Giulietta Baptist,2015,16.05
Emily Burns,2014,16.02
Don Weiss,2016,16.01
Zuschuss Donatelli,2014,16.01
Sandra Flanagan,2015,15.98
Joy Bell,2016,15.97
Jonathan Doherty,2015,15.88
Justin MacKendrick,2016,15.86
Ed Jacobs,2015,15.86
Dianna Arnett,2017,15.83
Greg Maxwell,2016,15.81
Julie Creighton,2017,15.75
Frank Merwin,2016,15.69
Larry Tron,2014,15.64
Dennis Bolton,2015,15.61
Laura Armstrong,2017,15.6
Jeremy Pistek,2017,15.59
Matt Collins,2016,15.59
Darrin Van Huff,2016,15.56
Michelle Tran,2016,15.55
Maria Zettner,2017,15.51
Raymond Buch,2016,15.42
Kunst Miller,2016,15.37
Mike Vitt orini,2015,15.36
Raymond Buch,2017,15.31
Frank Olsen,2016,15.29
Steven Cartwright,2015,15.26
Pauline Webber,2015,15.15
Steve Carroll,2017,15.12
Muhammed Lee,2017,15.12
Darrin Martin,2016,15.1
Bradley Nguyen,2016,15.09
Bruce Geld,2015,15.07
Annie Zypern,2017,15
Maris LaWare,2016,15
Jeremy Ellison,2017,14.99
Vivek Grady,2016,14.94
Cari Schnelling,2017,14.92
Barry Pond,2017,14.87
Shirley Schmidt,2016,14.87
Michelle Tran,2017,14.8
Tracy P oddar,2017,14.75
Christopher Conant,2016,14.73
Barbara Fisher,2014,14.71
Anne McFarland,2015,14.7
Nathan Cano,2016,14.68
Matt Hagelstein,2015,14.67
Chad Cunningham,2014,14.67
Peter McVee,2015,14.65
Ken Brennan,2016,14.62
Clay Rozendal,2016,14.55
Cyma Kinney,2015,14.5
Sample Company A,2014,14.43
Ricardo Sperren,2016,14.42
Tracy Blumstein,2017,14.27
Hunter Glantz,2016,14.25
Carl Weiss,2015,14.24
Daniel Lacy,2017,14.15
Patrick Gardner,2014,14.14
Sam Zeldin,2014,14.05
Sally Matthias,2014,14.03
Allen Rosenblatt,2014,14
Thomas Brumley,2017,13.98
Heather Jas,2017,13.97
Chad Cunningham,2016,13.91
Patrick Ryan,2017,13.89
Noah Childs,2015,13.86
Resi Plking,2015,13.84
Raymond Messe,2014,13.83
Thomas Seio,2016,13.79
Tanja Norvell,2014,13.76
Randy Ferguson,2016,13.63
Christine Abelman,2016,13.57
Kat rina Willman,2015,13.54
Doug Bickford,2014,13.49
Philip Fox,2015,13.48
Todd Boyes,2016,13.45
Angele Hood,2016,13.45
Rich-ard Eichhorn,2016,13.32
Pete Kriz,2014,13.32
Neil Knudson,2016,13.28
Shirley Daniels,2017,13.26
Jesus Ocampo,2017,13.22
Carol Adams,2015,13.21
Doug Bickford,2016,13.2
Jane Waco,2015,13.19
Carlos Meador,2015,13.17
Jeremy Farry,2016,13.11
Pierre Wener,2014,13
Trudy Brown,2015,12.91
Maureen Gastineau,2014,12.91
Alan Schoenberger,2015,12.86
Karen Carlisle,2014,12.86
Dave Hallsten,2017,12.83
Brian Derr,2015,12.81
Ann Steele,2017,12.78
Victo ria Brennan,2017,12.77
Darren Budd,2014,12.7
Joseph Airdo,2016,12.67
Beth Tho-mpson,2015,12.65
Dave Brooks,2017,12.64
Cynthia Delaney,2016,12.63
Helen Andreada,2016,12.63
Nick Zandusky,2014,12.55
Ivan Liston,2016,12.54
Paul Lucas,2017,12.52
Bi l Shonely,2016,12.44
Mike Kennedy,2016,12.44
Rick Hansen,2014,12.44
Chris Cortes,2014,12.4
Mark Haberlin,2014,12.39
Jeremy Farry,2014,12.37
Brendan Sweed,2016,12.36
Carol Adams,2017,12.3
Clay Cheatham,2017,12.3
Sylvia Foulston,2014,12.27
Max Engle,2016,12.23
Fred Waerman,2016,12.21
Tom Boeckenhauer,2016,12.18
Roland Murray,2017,12.13
Ben Ferrer,2017,12.11
Barry Weirich,2015,12.11
Lindsay Shagiari,2016,12.1
Anthony ODonnell,2016,12.1
Sanjit Engle,2014,12.05
Linda Cazamias,2017,12.04
George Zrebassa,2014,12
Roy Phan,2017,11.95
Maribeth Yedwab,2016,11.89
Pamela Stobb,2014,11.88
Justin Ellison,2017,11.87
Bart Pistole,2016,11.86
Khloe Miller,2016,11.83
Natalie Webber,2017,11.82
Frank Hawley,2016,11.81
Shui Tom,2017,11.79
Rachel Payne,2014,11.76
Nick Zandusky,2015,11.72
Rachel Payne,2016,11.7
Carlos Daly,2014,11.7
Jason Klamczynski,2016,11.68
Brooke Gillingham,2017,11.66
Mark Haberlin,2016,11.56
Guy Armstrong,2015,11.54
Peter Fuller,2014,11.54
Brian Derr,2014,11.49
Jamie Frazer,2016,11.45
Carol Triggs,2015,11.45
Sean Wendt,2016,11.44
John Castell,2014,11.39
Adam Shillingsburg,2016,11.32
Matt Connell,2016,11.31
Kelly Williams,2014,11.25
Stuart Van,2016,11.24
Noel Staavos,2014,11.2
Jason Fortune,2014,11.17
Janet Molinari,2017,11.08
Debra Catini,2017,11.06
Shirley Schmidt,2014,11.05
Alan Schoenberger,2014,11.04
Jim Epp,2014,11
Scott Williamson,2014,11
Rick Huthwaite,2014,10.96
Liz Pelletier,2016,10.91
Vivek Sundaresam,2016,10.9
Katherine Murray,2016,10.9
Janet Lee,2015,10.88
Kunst Miller,2015,10.81
Amy Hunt,2015,10.8
Larry Blacks,2016,10.74
Khloe Miller,2017,10.73
Anna Andreadi,2014,10.73
Paul Gonzalez,2016,10.71
Michelle Huthwaite,2014,10.65
Erica Smith,2014,10.64
Joseph Airdo,2014,10.64
Chuck Magee,2014,10.63
Eric Hoffmann,2015,10.62
Henry Goldwyn,2015,10.55
Maria Bertelson,2016,10.51
Debra Catini,2016,10.46
Berenike Kampe,2014,10.43
Susan MacKendrick,2016,10.39
Chris Selesnick,2016,10.39
Anthony Rawles,2014,10.37
Keith Herrera,2017,10.34
Christine Sundaresam,2016,10.32
Jim Kriz,2014,10.19
David Smith,2015,10.18
Brian Dahlen,2014,10.18
Thea Hendricks,2017,10.05
Eugene Moren,2017,9.97
Erica Hernandez,2016,9.95
Rich-ard Eichhorn,2014,9.95
Julia Barnett,2017,9.89
Andrew Allen,2014,9.89
Barry Blumstein,2016,9.86
Linda Southworth,2015,9.82
Corey Catlett,2017,9.8
Victoria Pisteka,2016,9.8
Juliana Krohn,2015,9.8
James Galang,2017,9.79
Nra Paige,2017,9.76
Rich-ard Eichhorn,2017,9.74
Cassandra Brandow,2015,9.74
Maxwell Schwartz,2017,9.7
Brooke Gillingham,2014,9.7
Arthur Wiediger,2017,9.66
Damala Kotsonis,2015,9.63
Carlos Soltero,2015,9.62
Alan Dominguez,2015,9.6
Christine Abelman,2014,9.6
Giulietta Weimer,2016,9.59
Erin Ashbrook,2014,9.57
Andy Reiter,2016,9.53
Brad Thomas,2016,9.48
Cynthia Delaney,2014,9.42
Adam Shillingsburg,2014,9.37
Deirdre Greer,2016,9.33
Anthony Rawles,2015,9.33
Karen Ferguson,2014,9.33
Lycoris Saunders,2014,9.33
Randy Ferguson,2015,9.32
Mike Caudle,2015,9.29
Tamara Dahlen,2014,9.23
Roger Demir,2015,9.22
Thea Hendricks,2016,9.19
Anne Pryor,2014,9.18
Mathew Reese,2014,9.11
Sample Company A,2015,9.1
Ruben Dartt,2015,9.09
Matt Connell,2014,9.09
Paul Knutson,2014,9.07
Dan Lawera,2015,9.04
Stuart Calhoun,2016,9
Cindy Stewart,2014,9
B ecky Martin,2014,9
Mark Packer,2016,8.94
Victor Preis,2015,8.93
Grant Thornton,2015,8.87
Vicky Freymann,2014,8.86
Muhammed MacIntyre,2016,8.84
Paul Prost,2016,8.84
Michelle Ellison,2015,8.77
Adam Bellavance,2015,8.71
John Grady,2015,8.69
Sean Miller,2015,8.68
Ed Ludwig,2016,8.66
Anna Chung,2016,8.61
Harry Greene,2014,8.61
Brian Moss,2015,8.57
Craig Carreira,2015,8.57
Denny Ordway,2016,8.5
Mitch Webber,2017,8.49
Julia Dunbar,2014,8.48
Aleksandra Gannaway,2015,8.39
Charles Crestani,2017,8.33
Nat Carroll,2014,8.31
Allen Goldenen,2017,8.3
Nancy Lomonaco,2014,8.28
Brooke Gillingham,2015,8.22
Andy Yotov,2017,8.21
Mary Zewe,2015,8.21
Natalie Fritzler,2014,8.21
Patrick Jones,2016,8.2
Sarah Foster,2016,8.18
Chad Sievert,2016,8.14
Steven Roelle,2017,8.11
Chad McGuire,2015,8.11
Shirley Daniels,2016,8.1
Sung Shariari,2017,8.02
Sonia Sunley,2015,8.02
Helen Andreada,2014,8
Kean Takahito,2014,7.95
Larry Blacks,2017,7.91
Mike Vitt orini,2017,7.88
Charles Crestani,2016,7.86
Janet Molinari,2016,7.86
Brad Norvell,2017,7.84
Jenna Caffey,2017,7.82
Michelle Moray,2015,7.8
Jamie Frazer,2014,7.78
Carol Darley,2016,7.75
Kelly Lampkin,2016,7.73
Dan Lawera,2014,7.73
Jennifer Halladay,2014,7.69
Alice McCarthy,2014,7.68
Bil Overfelt,2016,7.6
Christopher Martinez,2015,7.56
Patrick Bzostek,2015,7.56
Ross Baird,2014,7.49
Sonia Cooley,2015,7.48
Julie Prescott,2015,7.43
Scott Cohen,2014,7.43
Stewart Carmichael,2017,7.34
Brian Thompson,2017,7.3
Benjamin Patterson,2016,7.28
Rob Haberlin,2016,7.25
Kean Takahito,2015,7.23
Marc Crier,2017,7.22
Barry Franzsisch,2014,7.21
Michael Stewart,2014,7.19
Katherine Hughes,2014,7.19
Kristen Hastings,2016,7.18
Karen Ferguson,2016,7.15
Dario Medina,2017,7.14
Rob Dowd,2014,7.13
Yoseph Carroll,2015,7.07
Michael Dominguez,2017,7.02
Aimee Bixby,2015,7.02
Michael Kennedy,2017,7.01
Maya Herman,2016,7
Alex Avila,2015,7
Jim Epp,2015,7
Lisa Ryan,2014,7
Barbara Fisher,2017,6.97
Vivian Mathis,2017,6.97
Bryan Mills,2017,6.92
Julie Prescott,2014,6.92
Fred Hopkins,2016,6.91
Linda Cazamias,2014,6.91
Ivan Liston,2014,6.91
Mike Vitt orini,2014,6.9
Jim Mitchum,2014,6.89
Roy Collins,2014,6.88
Don Miller,2015,6.8
David Flashing,2014,6.79
Janet Martin,2016,6.74
Barbara Fisher,2015,6.74
Peter Bhler,2017,6.73
Barry Weirich,2014,6.73
Barry Gonzalez,2016,6.72
Andy Yotov,2016,6.7
Zuschuss Carroll,2017,6.69
Joni Sundaresam,2016,6.68
Christina DeMoss,2017,6.67
Greg Maxwell,2014,6.66
Susan Gilcrest,2016,6.63
Dorothy Wardle,2014,6.63
Xylona Preis,2017,6.62
John Grady,2016,6.62
Darrin Martin,2015,6.6
Jamie Kunitz,2017,6.57
Edward Nazzal,2017,6.55
Saphhira Shifley,2016,6.55
Jennifer Braxton,2014,6.55
Jay Fein,2016,6.53
Steve Nguyen,2015,6.52
Dianna Arnett,2014,6.52
Vivian Mathis,2014,6.51
Matthew Clasen,2016,6.5
Carlos Meador,2016,6.49
Karen Seio,2015,6.49
Alejandro Ballentine,2014,6.49
Erica Bern,2017,6.47
Parhena Norris,2015,6.46
Evan Henry,2017,6.42
Adrian Shami,2017,6.41
Hilary Holden,2014,6.41
Ann Steele,2016,6.37
Berenike Kampe,2015,6.37
Jennifer Patt,2014,6.37
Jill Fjeld,2017,6.36
Penelope Sewall,2016,6.32
Helen Andreada,2017,6.29
Henia Zydlo,2016,6.29
Toby Swindell,2017,6.26
Tracy Zic,2015,6.25
Anna Andreadi,2017,6.22
Patrick ODonnell,2016,6.22
Guy Thornton,2016,6.22
Michelle Huthwaite,2015,6.22
Brendan Murry,2015,6.22
Craig M olinari,2015,6.22
Sung Shariari,2016,6.21
Marc Harrigan,2014,6.21
Greg Tran,2014,6.1
Nathan Cano,2014,6.09
Eileen Kiefer,2017,6.07
Ryan Crowe,2017,6.04
Mary ORourke,2014,6.04
Ricardo Emerson,2014,6.04
Tho -mas Boland,2014,6.04
Nat Carroll,2016,6.03
Andrew Gjertsen,2016,6.03
Greg Guthrie,2014,6.03
Andrew Gjertsen,2017,6
Sample Company A,2017,5.96
Sean Miller,2014,5.92
Maurice Satty,2015,5.9
Sarah Jordon,2015,5.9
Sanjit Chand,2017,5.84
Nathan Gelder,2017,5.82
Kimberly Carter,2014,5.82
Fred Waerman,2017,5.81
Mark Van Huff,2014,5.79
Cindy Stewart,2015,5.78
Catherine Glotzbach,2015,5.76
Patrick Jones,2014,5.74
Aleksandra Gannaway,2014,5.71
Alyssa Tate,2017,5.68
Jay Fein,2015,5.66
Maureen Gnade,2014,5.63
Kat rina Willman,2017,5.59
Dianna Wilson,2016,5.59
Alan Hwang,2016,5.57
Michael Nguyen,2016,5.52
Meg OConnel,2016,5.5
Fred Waerman,2015,5.48
Thea Hudgings,2014,5.45
Andrew Allen,2017,5.44
Aimee Bixby,2016,5.44
Dorothy Wardle,2015,5.44
Michael Granlund,2015,5.41
Tom Stivers,2017,5.4
Barry Blumstein,2017,5.37
Anthony Jacobs,2015,5.32
Meg Tillman,2015,5.3
Denise Leinenbach,2016,5.22
Matthew Grinstein,2016,5.21
Grace Kelly,2014,5.21
Dorothy Dickinson,2014,5.2
Andrew Roberts,2017,5.18
Nicole Hansen,2016,5.18
Erica Hackney,2015,5.16
Carol Triggs,2014,5.15
Denise Leinenbach,2015,5.13
Herbert Flentye,2017,5.1
Liz Willingham,2017,5.08
Alan Shonely,2015,5.08
Laurel Elliston,2015,5.08
Ann Blume,2015,5.07
Jamie Kunitz,2016,5.03
Mark Van Huff,2015,5.02
Carol Adams,2014,5.02
Jeremy Pistek,2015,5.01
Giulietta Dortch,2014,5
Roger Barcio,2017,4.9
Dan Campbell,2015,4.89
Mick Brown,2014,4.88
Sue Ann Reed,2016,4.84
Sung Pak,2017,4.83
Toby Ritter,2017,4.81
Bryan Spruell,2017,4.81
Lynn Smith,2015,4.8
MaryBeth Skach,2014,4.77
Helen Waerman,2015,4.76
Dean Katz,2014,4.75
Sarah Bern,2014,4.72
Barry Franzsisch,2017,4.66
Stuart Calhoun,2015,4.63
Erin Smith,2014,4.63
Justin Ritter,2016,4.62
Steven Ward,2014,4.62
Sue Ann Reed,2015,4.59
Elpida Rittenbach,2015,4.57
Ji Stevenson,2015,4.53
Doug Bickford,2015,4.49
Annie Thurman,2015,4.49
Frank Atkinson,2016,4.47
Catherine Glotzbach,2016,4.45
Evan Bailliet,2016,4.44
Logan Haushalter,2014,4.44
Dorothy Badders,2014,4.43
Darrin Martin,2014,4.42
Victo ria Brennan,2015,4.41
Victoria Pisteka,2017,4.4
Noah Childs,2016,4.37
Nathan Mautz,2017,4.35
Carl Ludwig,2016,4.35
Sarah Brown,2017,4.32
Maribeth Dona,2014,4.3
Roland Schwarz,2015,4.27
Phillina Ober,2014,4.27
Harold Ryan,2014,4.23
Stuart Van,2017,4.2
Laurel Workman,2016,4.2
Matt Hagelstein,2017,4.19
Delfina Latchford,2014,4.19
Scot Coram,2017,4.18
Ivan Gibson,2017,4.14
Ralph Kennedy,2017,4.11
Brad Norvell,2015,4.09
Philip Fox,2017,4.07
Fred Chung,2015,4.07
Ross DeVincentis,2014,4.03
Evan Minnotte,2015,4
Bart Folk,2014,3.96
Tracy Blumstein,2016,3.95
Luke Schmidt,2016,3.95
Bil Stewart,2014,3.94
Nathan Cano,2017,3.91
Ruben Ausman,2016,3.89
Skye Norling,2016,3.77
Don Miller,2016,3.76
Linda Southworth,2016,3.74
Keith Dawkins,2014,3.74
Alice McCarthy,2016,3.72
Denise Monton,2014,3.71
Candace McMahon,2016,3.69
Cassandra Brandow,2014,3.68
Daniel Byrd,2014,3.63
Brad Norvell,2014,3.63
Christina Anderson,2016,3.6
Frank Atkinson,2014,3.58
John Dryer,2017,3.53
Barry Franz,2017,3.52
Evan Bailliet,2017,3.52
Roy Skaria,2016,3.5
Roy Skaria,2017,3.49
Michelle Arnett,2015,3.48
Ralph Ritter,2016,3.47
Kristina Nunn,2015,3.46
Grace Kelly,2017,3.45
Paul Stevenson,2016,3.44
Sally Knutson,2016,3.44
Joy Smith,2014,3.4
Ashley Jarboe,2014,3.4
Cindy Chapman,2014,3.38
Tracy Collins,2014,3.36
Maya Herman,2017,3.35
Bil Tyler,2016,3.35
Joni Waerman,2015,3.35
Eudokia Martin,2016,3.29
Max Engle,2014,3.28
John Castell,2015,3.24
Phillina Ober,2017,3.22
Bruce Geld,2014,3.22
Matthew Clasen,2017,3.21
Angele Hood,2014,3.2
Matt Collister,2017,3.18
Sara Luxemburg,2016,3.11
Tom Boeckenhauer,2017,3.1
Alyssa Tate,2016,3.08
Mick Crebagga,2014,3.08
Greg Hansen,2015,3.07
Sandra Flanagan,2016,3.06
Thomas Brumley,2015,3.06
Emily Grady,2016,3.02
Khloe Miller,2014,3
Aaron Bergman,2014,2.96
Susan Gilcrest,2014,2.94
Anna Chung,2014,2.89
Steven Ward,2016,2.88
Joni Sundaresam,2014,2.87
Thomas Thornton,2014,2.85
Ken Brennan,2014,2.85
Denise Monton,2015,2.84
Neoma Murray,2017,2.82
Sibella Parks,2014,2.81
Carl Weiss,2016,2.8
John Lee,2016,2.8
Alyssa Crouse,2014,2.8
Stewart Visinsky,2017,2.78
Pauline Johnson,2014,2.78
Astrea Jones,2017,2.77
Deborah Brumfield,2017,2.77
Greg Hansen,2017,2.72
Maribeth chnelling,2017,2.72
Steve Nguyen,2014,2.72
Ted Trevino,2016,2.69
Gene McClure,2014,2.69
Maribeth Yedwab,2015,2.65
Cindy Schnelling,2015,2.64
Emily Grady,2017,2.59
Stuart Calhoun,2017,2.58
Tom Ashbrook,2017,2.57
Barry Pond,2014,2.5
Jack Lebron,2017,2.47
Brian Dahlen,2017,2.46
Henry Goldwyn,2014,2.45
Vivek Grady,2017,2.41
Jasper Cacioppo,2017,2.4
Tonja Turnell,2016,2.4
Steven Roelle,2015,2.4
Ad am Hart,2014,2.4
Logan Currie,2017,2.37
Barry Franz,2014,2.37
Aaron Hawkins,2017,2.34
Michael Grace,2014,2.34
Laurel Workman,2017,2.32
Barbara Fisher,2016,2.31
MaryBeth Skach,2016,2.25
Shahi Hopkins,2015,2.24
Berenike Kampe,2016,2.23
Darrin Sayre,2014,2.22
Eugene Moren,2014,2.21
Marc Harrigan,2015,2.18
Eric Hoffmann,2014,2.18
Corey-Lock,2015,2.15
Pauline Johnson,2015,2.14
Cyra Reiten,2015,2.13
Brendan Sweed,2015,2.1
Mark Hamilton,2014,2.09
Bobby Odegard,2015,2.07
Art Ferguson,2015,2.02
Ricardo Sperren,2014,2.01
Patrick Ryan,2014,2
Eugene Barchas,2015,1.99
Irene Maddox,2014,1.96
Maureen Gastineau,2017,1.94
Claire Gute,2017,1.82
Neil Knudson,2015,1.79
Henry MacAllister,2016,1.73
Deborah Brumfield,2015,1.72
Nona Balk,2017,1.71
Aleksandra Gannaway,2017,1.67
Cynthia Arntzen,2016,1.67
Ruben Ausman,2015,1.67
Carl Jackson,2016,1.65
Fred Chung,2016,1.65
Dan Campbell,2016,1.63
Hallie Redmond,2014,1.6
Jim Radford,2015,1.58
Alejandro Grove,2017,1.5
Adrian Shami,2016,1.5
Dave Hallsten,2014,1.47
Michael Dominguez,2014,1.44
Nick Zandusky,2016,1.42
Ken Heidel,2014,1.41
Jack Lebron,2016,1.39
Troy Blackwell,2017,1.37
Dean perceR,2016,1.35
Tracy Zic,2017,1.34
John Lucas,2014,1.33
Jasper Cacioppo,2014,1.33
Sung Chung,2016,1.23
Randy Bradley,2017,1.2
Joni Waerman,2016,1.2
Sung Pak,2014,1.19
Melanie Seite,2014,1.17
Muhammed Lee,2015,1.16
Christina Anderson,2014,1.15
Brian Stugart,2014,1.08
Nicole Hansen,2014,1.07
Trudy Glocke,2014,1.06
Frank Merwin,2015,1.03
Mick Crebagga,2017,1
Xylona Preis,2015,1
David Philippe,2015,1
Sonia Sunley,2014,1
Jas OCarroll,2014,0.97
Raymond Messe,2017,0.96
Liz Pelletier,2014,0.96
Mick Crebagga,2016,0.93
Arthur Gainer,2014,0.92
Peter Bhler,2016,0.9
Neola Schneider,2016,0.87
Alyssa Tate,2014,0.84
Elizabeth Moffitt,2014,0.83
Thea Hendricks,2015,0.81
Chloris Kastensmidt,2015,0.8
Maureen Gnade,2015,0.74
Luke Foster,2016,0.72
Kean Thornton,2015,0.72
Phillip Breyer,2016,0.7
Susan Gilcrest,2017,0.67
Thea Hudgings,2017,0.66
Michael Kennedy,2015,0.6
Carl Weiss,2014,0.6
Sheri Gordon,2015,0.58
Paul Van Hugh,2014,0.57
Mitch Webber,2016,0.5
Khloe Miller,2015,0.5
Ivan Gibson,2014,0.47
Lela Donovan,2016,0.46
Nat Carroll,2015,0.44
Matt Abelman,2016,0.37
Denise Leinenbach,2014,0.35
Ad am Hart,2015,0.34
Sung Shariari,2014,0.3
Clytie Kelty,2014,0.12
Roy Franzsisch,2015,0.06
Nancy Lomonaco,2017,0
Anthony Johnson,2017,0
Anne McFarland,2016,0
Maria Zettner,2016,0
Jim Radford,2016,0
Ellis Ballard,2016,0
Sean Christensen,2015,0
Cynthia Delaney,2015,0
Ralph Arnett,2014,0
Barry Blumstein,2014,0
Dianna Vittorini,2014,0
Natalie Fritzler,2016,-0.06
Laura Armstrong,2015,-0.12
Brosina Hoffman,2015,-0.18
Dario Medina,2016,-0.24
Roy Franzsisch,2017,-0.3
Dorris liebe,2017,-0.33
Matt Collister,2014,-0.33
Jennifer Patt,2017,-0.37
Matt Hagelstein,2016,-0.37
Katharine Harms,2017,-0.59
Pierre Wener,2016,-0.59
Jill Matthias,2017,-0.6
Valerie Mitchum,2015,-0.71
Pamela Coakley,2017,-0.99
Karen Bern,2014,-1
Jack Lebron,2014,-1.02
Alan Barnes,2014,-1.07
Cynthia Arntzen,2014,-1.13
Maureen Gastineau,2015,-1.2
Maribeth Dona,2016,-1.22
Darren Powers,2016,-1.27
Thais Sissman,2015,-1.35
Anne Pryor,2015,-1.36
Darren Powers,2014,-1.36
Shahi Hopkins,2016,-1.48
Allen Goldenen,2016,-1.52
Natalie Webber,2014,-1.76
Amy Hunt,2016,-1.78
Marina Lichtenstein,2015,-1.81
Theone Pippenger,2015,-1.85
Kat rina Bavinger,2017,-1.86
Tho -mas Boland,2016,-1.91
Thais Sissman,2017,-1.97
James Lanier,2016,-2
Theresa Swint,2014,-2
Harry Greene,2015,-2.01
Brian Moss,2016,-2.03
Nat Gilpin,2015,-2.1
Mary Zewe,2016,-2.15
Troy Blackwell,2014,-2.32
Art Foster,2016,-2.44
Karl Braun,2016,-2.46
Sarah Foster,2015,-2.48
Guy Armstrong,2014,-2.51
Alyssa Tate,2015,-2.53
Saphhira Shifley,2014,-2.55
Sanjit Jacobs,2015,-2.56
Alex Russell,2015,-2.57
Sean Christensen,2014,-2.59
Robert Waldorf,2016,-2.63
Michael Oakman,2017,-2.7
Keith Herrera,2014,-2.74
Cari Schnelling,2015,-2.84
Ann Chong,2015,-2.86
Evan Minnotte,2017,-2.94
Denny Ordway,2014,-3
Maria Bertelson,2014,-3.03
Russell DAscenzo,2014,-3.04
Mitch Gastineau,2017,-3.09
Darrin Martin,2017,-3.12
Sarah Jordon,2016,-3.24
Hilary Holden,2017,-3.35
Rachel Payne,2015,-3.44
Shahi Collister,2014,-3.53
Darren Powers,2017,-3.63
Gary Hansen,2016,-3.65
Mike Kennedy,2014,-3.69
Neil Ducich,2014,-3.81
Charles Sheldon,2017,-3.84
Duane Huffman,2014,-3.84
Lisa Ryan,2015,-3.94
Ed Jacobs,2014,-3.95
Erin Creighton,2014,-4.02
Jasper Cacioppo,2016,-4.08
Anthony Garverick,2014,-4.12
Pete Takahito,2017,-4.15
Sung Shariari,2015,-4.27
Michelle Tran,2014,-4.36
Meg OConnel,2017,-4.38
Michael Granlund,2014,-4.8
Jeremy Lonsdale,2016,-4.86
Giulietta Weimer,2014,-4.95
Logan Currie,2014,-5
Larry Hughes,2014,-5.04
Maurice Satty,2016,-5.2
Scot Wooten,2014,-5.2
Laurel Beltran,2014,-5.24
Tamara Dahlen,2017,-5.4
Christy Brittain,2015,-5.53
Anthony Jacobs,2016,-5.7
Cari Sayre,2015,-5.73
Tamara Dahlen,2016,-5.76
Craig Reiter,2014,-6.02
Ritsa Hightower,2015,-6.03
Tamara Willingham,2017,-6.06
Jay Kimmel,2015,-6.1
Alan Schoenberger,2016,-6.21
Michelle Tran,2015,-6.29
Matt Collins,2014,-6.34
Brad Eason,2017,-6.38
Michelle Ellison,2017,-6.4
Vivek Sundaresam,2017,-6.42
Ralph Arnett,2016,-6.57
Alan Dominguez,2014,-6.6
Tim Brockman,2017,-6.63
Liz Carlisle,2014,-6.63
Cyra Reiten,2017,-6.68
Jennifer Ferguson,2017,-6.76
Don Miller,2014,-6.87
Dan Lawera,2017,-6.9
Dorothy Dickinson,2016,-6.9
Natalie DeCherney,2014,-6.98
Patrick Bzostek,2017,-7.01
Alan Haines,2015,-7.1
Harold Dahlen,2015,-7.25
Mike Gockenbach,2015,-7.27
Lisa Hazard,2017,-7.32
Patrick OBrill,2015,-7.61
Linda Southworth,2017,-7.87
Adrian Hane,2016,-8
Erin Mull,2016,-8
Pete Takahito,2014,-8.03
Darren Koutras,2014,-8.08
Evan Henry,2014,-8.08
Andrew Roberts,2014,-8.16
Elizabeth Moffitt,2016,-8.32
Lindsay Castell,2016,-8.4
Corey Catlett,2016,-8.42
Brenda Bowman,2015,-8.42
Paul MacIntyre,2015,-8.54
Joy Daniels,2014,-8.62
Eugene Barchas,2016,-8.76
Paul Prost,2017,-9.12
Darrin Van Huff,2017,-9.47
Laurel Beltran,2016,-9.56
Maria Etezadi,2015,-9.56
Valerie Takahito,2015,-9.8
Stefania Perrino,2015,-9.87
Karen Seio,2017,-10.04
Laurel Elliston,2017,-10.12
Mick Hernandez,2016,-10.17
Michael Stewart,2017,-10.28
Michael Nguyen,2014,-10.3
Craig Carreira,2014,-10.61
Caroline Jumper,2016,-11.1
Darrin Sayre,2017,-11.32
Scot Wooten,2015,-11.44
Pauline Chand,2014,-11.83
Eric Barreto,2014,-12.22
Jim Sink,2017,-12.43
John Huston,2017,-12.69
Neola Schneider,2017,-12.77
Christine Phan,2015,-12.92
Ann Steele,2015,-12.96
Harry Marie,2014,-12.98
Anth ony Witt,2015,-13.23
Nora Preis,2016,-13.46
Tamara Dahlen,2015,-13.55
Paul Lucas,2016,-13.65
Shaun Chance,2017,-13.77
Cari Sayre,2014,-13.9
Ben Wallace,2017,-14.11
Erin Mull,2017,-14.44
Cthy Armstrong,2015,-14.69
Bil Tyler,2017,-14.99
Bryan Mills,2015,-15.12
Tony Chapman,2014,-16.47
Karl Braun,2014,-16.69
Meg OConnel,2015,-16.97
Christine Phan,2017,-17.02
Duane Benoit,2015,-17.29
Pete Takahito,2016,-17.52
John Murray,2016,-17.75
Harold Pawlan,2015,-17.88
Justin Deggeller,2014,-17.99
Karen Bern,2016,-18.18
Steve Nguyen,2017,-18.19
Sheri Gordon,2016,-18.45
Ross Baird,2015,-18.46
Neil Franzsisch,2016,-18.84
Carlos Daly,2017,-19.08
Ge orge Bell,2016,-19.21
Rob Lucas,2016,-19.47
Dave Hallsten,2016,-19.6
Joe Elijah,2014,-20
Ritsa Hightower,2016,-20.09
Helen Abelman,2017,-20.16
Bradley Talbott,2016,-20.24
John Lucas,2016,-20.7
Keith Herrera,2015,-20.73
Sylvia Foulston,2017,-20.84
Dean Braden,2016,-21.25
Mick Brown,2016,-21.68
Tom Prescott,2016,-21.68
Rob Beeghly,2016,-21.8
Liz Thompson,2017,-22.02
Laurel Elliston,2014,-22.55
Tonja Turnell,2017,-22.95
Richard Bierner,2014,-23.13
Eva Jacobs,2014,-23.49
Anthony Garverick,2017,-23.55
Stewart Carmichael,2016,-23.88
Ann Blume,2014,-23.89
Melanie Seite,2016,-23.94
Shahi Shariari,2015,-24.04
Luke Foster,2014,-24.24
Alan Haines,2017,-24.29
Jason Gross,2017,-24.31
Kat rina Edelman,2017,-24.56
Filia McAdams,2017,-24.75
Shahi Collister,2016,-25
Matthew Grinstein,2017,-25.64
Neoma Murray,2015,-25.79
Dean Braden,2015,-25.91
Adrian Hane,2014,-25.91
Damala Kotsonis,2014,-26.08
Patrick OBrill,2016,-26.64
Sam Zeldin,2015,-26.76
Max Jones,2015,-26.96
Lisa Hazard,2015,-27
Toby Carlisle,2016,-27.83
Erin Smith,2015,-28.22
Julia Dunbar,2015,-29.25
Carl Ludwig,2014,-29.34
Michael Grace,2017,-29.44
David Smith,2016,-29.96
Dorothy Wardle,2017,-31.22
Anna Gayman,2015,-31.37
Christopher Schild,2017,-31.98
Annie Zypern,2016,-31.99
Dennis Pardue,2015,-32.23
Anna Chung,2017,-32.34
Fred Harton,2017,-32.52
Muhammed YeDwab,2014,-33.42
Debra Catini,2015,-33.84
William Brown,2015,-33.87
Alan Shonely,2017,-34.38
Mick Crebagga,2015,-34.51
David Smith,2017,-35
Liz Carlisle,2017,-35.1
Duane Benoit,2016,-35.22
Beth Fritzler,2014,-35.36
Guy Phonely,2014,-35.93
Harry Marie,2017,-36.09
Todd Sumrall,2014,-36.29
Ellis Ballard,2014,-36.36
Susan Vittorini,2016,-37.09
Ge orge Bell,2014,-37.73
Theresa Swint,2016,-39.09
Phillina Ober,2015,-39.42
Ed Braxton,2014,-39.42
Craig Carroll,2014,-39.46
Brendan Murry,2017,-41.02
Ryan Akin,2017,-41.43
Art Foster,2014,-41.58
Scot Wooten,2017,-42.07
Frank Olsen,2017,-42.3
Dan Campbell,2014,-42.69
Mick Brown,2017,-42.84
Darren Koutras,2017,-43.01
Matthew Grinstein,2014,-43.83
Tracy P oddar,2016,-43.92
Ji Stevenson,2017,-44.23
Gary Mitchum,2016,-44.27
Erica Smith,2017,-44.58
Justin Deggeller,2015,-45.41
Arthur Wiediger,2014,-46.39
Dave Kipp,2016,-47.18
Eugene Barchas,2017,-47.4
Zuschuss Carroll,2014,-48.09
Dennis Kane,2017,-48.51
Guy Thornton,2017,-49.04
Emily Phan,2017,-50.37
Alex Russell,2014,-50.39
Jennifer Halladay,2017,-50.43
Adrian Barton,2015,-51.3
Muhammed MacIntyre,2014,-51.52
Magdelene Morse,2017,-52.47
Sean Wendt,2017,-52.64
Alyssa Crouse,2017,-53.07
Tony Chapman,2017,-53.39
Vivek Sundaresam,2014,-54
Emily Phan,2016,-54.63
Jas OCarroll,2017,-54.88
Art Ferguson,2017,-55.94
Ed Braxton,2017,-55.94
Greg Matthias,2017,-57.12
Troy Staebel,2016,-57.29
Michael Moore,2017,-58.51
Deirdre Greer,2015,-58.6
Scott Cohen,2017,-59.25
Susan Pistek,2017,-59.38
Katherine Nockton,2015,-59.51
Alice McCarthy,2017,-59.62
Dorothy Badders,2017,-60.62
Eric Hoffmann,2016,-62.35
Ann Blume,2017,-64
Aaron Smayling,2017,-64.97
Ralph Ritter,2017,-66.06
Patrick OBrill,2017,-66.08
Victoria Wilson,2014,-66.63
Mary ORourke,2017,-67.54
Beth Paige,2016,-67.87
Sarah Brown,2014,-70
Beth Paige,2014,-70.1
Clytie Kelty,2015,-70.47
Gene Hale,2015,-71
Bobby Trafton,2016,-71.9
Sally Matthias,2016,-72.15
Robert Dilbeck,2015,-73.41
Arthur Gainer,2017,-73.47
Jack Garza,2015,-73.58
Charles McCrossin,2017,-74.16
Nat Gilpin,2017,-74.36
Eric Barreto,2017,-75.19
Tom Ashbrook,2016,-76
Barry Weirich,2017,-77.13
Lisa Hazard,2014,-79.34
Pamela Stobb,2015,-79.91
Dennis Kane,2015,-80.23
Emily Burns,2017,-80.44
Michael Oakman,2015,-80.48
Richard Bierner,2015,-80.7
Kelly Lampkin,2014,-81.44
Denise Monton,2016,-81.73
Roger Barcio,2015,-82.78
Vivek Grady,2014,-82.88
Paul Gonzalez,2014,-84.29
Stewart Visinsky,2016,-85
Dean perceR,2017,-85.75
Alex Grayson,2017,-89.85
Jeremy Farry,2015,-90.18
Quincy Jones,2017,-90.44
Rose OBrian,2016,-90.48
Cyma Kinney,2017,-90.77
Lena Creighton,2017,-91.96
Seth Vernon,2014,-92.59
Randy Bradley,2014,-93.99
John Stevenson,2014,-94.66
Claire Gute,2015,-95.25
Daniel Raglin,2015,-98
Sibella Parks,2016,-98.13
Andy Gerbode,2014,-98.97
Greg Maxwell,2017,-99.18
Seth Vernon,2015,-100.79
Arthur Wiediger,2016,-103.24
Christine Kargatis,2017,-103.43
Zuschuss Carroll,2015,-106.31
Chloris Kastensmidt,2016,-106.93
Jennifer Braxton,2016,-107.78
David Wiener,2017,-108.28
Jim Sink,2016,-109.73
Lindsay Shagiari,2015,-110.2
David Philippe,2014,-110.49
Ryan Akin,2014,-110.76
Troy Staebel,2017,-112.83
Victoria Pisteka,2015,-113.93
Christopher Schild,2016,-114.17
Maxwell Schwartz,2014,-114.33
Greg Guthrie,2015,-115.72
Russell Applegate,2015,-116.65
Kean Nguyen,2015,-118.58
Julia West,2015,-118.83
Tracy Blumstein,2014,-120.94
Greg Matthias,2016,-121.94
Nick Radford,2014,-123.79
Jonathan Howell,2017,-125.37
Erin Ashbrook,2016,-126.09
Trudy Schmidt,2017,-128.35
Denny Ordway,2015,-135.04
Lisa Ryan,2016,-136.49
Natalie DeCherney,2017,-138.59
Henia Zydlo,2017,-140.53
Liz MacKendrick,2015,-142.52
Darren Koutras,2015,-147.41
Fred Hopkins,2014,-147.87
Gene Hale,2016,-147.96
Mike Gockenbach,2014,-152.72
Carlos Soltero,2016,-153.42
Eugene Hildebrand,2015,-156.22
Giulietta Dortch,2016,-157.94
Muhammed YeDwab,2016,-159.28
Eugene Hildebrand,2016,-163.37
Vivek Sundaresam,2015,-163.58
Odella Nelson,2016,-165.74
Janet Lee,2014,-166.32
Bruce Stewart,2014,-168.67
Harold Dahlen,2014,-173
Joe Kamberova,2014,-173.84
Maribeth Dona,2017,-174.79
Justin Hirsh,2016,-175.65
Pauline Chand,2015,-175.87
Mike Pelletier,2014,-181.19
Shahi Shariari,2014,-186.03
Toby Gnade,2015,-189.98
Cynthia Arntzen,2015,-194.1
Stefania Perrino,2016,-195.48
Arthur Prichep,2017,-198.46
Ji Stevenson,2014,-199
Mick Hernandez,2017,-199.26
Nona Balk,2016,-199.54
Brian Thompson,2014,-199.77
Alan Haines,2016,-204.31
Rick Bensley,2016,-209.37
Victoria Wilson,2016,-210.41
Noel Staavos,2016,-211.14
Karen Danels,2016,-219.27
Troy Staebel,2014,-227.49
Beth Paige,2017,-236.55
Sanjit Engle,2017,-236.83
Shirley Jackson,2017,-243.16
Cindy Schnelling,2016,-246.58
Erica Hernandez,2014,-250.96
Natalie Webber,2016,-251.99
Benjamin Patterson,2015,-255.74
Allen Rosenblatt,2017,-267.56
Carol Triggs,2016,-268.5
Dionis Lloyd,2017,-270.8
Julie Kriz,2017,-272.54
Lena Radford,2017,-272.58
Daniel Raglin,2016,-288.74
Sheri Gordon,2017,-295.98
Mike Pelletier,2016,-304.36
Joni Sundaresam,2015,-312.06
John Dryer,2015,-313.52
Charles McCrossin,2016,-315.75
Craig Yedwab,2014,-336.63
Dean Katz,2015,-339.38
Gary Hansen,2017,-349.03
Todd Sumrall,2017,-351.62
Cassandra Brandow,2017,-369.33
Sean ODonnell,2015,-372.64
Michael Moore,2015,-373.3
Barry Franz,2016,-377.38
Joni Blumstein,2015,-377.56
David Bremer,2015,-396.7
Philip Fox,2014,-407.68
Shahi Collister,2017,-419.1
Edward Becker,2017,-422.39
Joel Eaton,2015,-432.99
Giulietta Weimer,2017,-451.09
Maureen Fritzler,2014,-459.99
Sean Braxton,2014,-479.76
Caroline Jumper,2017,-492.96
Michelle Moray,2017,-511.83
Patrick Gardner,2015,-511.85
Michael Grace,2015,-514.6
Resi Plking,2014,-536.62
Sam Craven,2014,-541.55
Daniel Lacy,2014,-562
Tom Prescott,2017,-627.22
Anthony Jacobs,2014,-646.6
Michael Kennedy,2016,-725.49
Joy Smith,2017,-760.72
Paul Knutson,2016,-760.98
Alex Avila,2016,-786.01
John Lee,2014,-835.72
Tanja Norvell,2016,-860.57
Barry Gonzalez,2015,-912
Sean Braxton,2017,-921.28
Tracy Hopkins,2017,-1037.42
Joseph Airdo,2017,-1073.35
Skye Norling,2017,-1130.43
David Bremer,2017,-1136.72
Peter Fuller,2015,-1142.05
Karen Danels,2014,-1480.03
Joseph Holt,2015,-1825.94
Natalie Fritzler,2015,-2639.99
Henry Goldwyn,2017,-2927.65
Sharelle Roach,2017,-3367.03
Grant Thornton,2017,-3839.99
